{
  "Who": "",
  "Message": "",
  "Messages": [
    {
      "Who": "Me",
      "OnDate": "2022-07-07",
      "Message": "Hello"
    },
    {
      "Who": "Me",
      "OnDate": "2022-07-07",
      "Message": "Hello"
    },
    {
      "Who": "Me",
      "OnDate": "2022-07-07",
      "Message": "Hello"
    },
    {
      "Who": "Me",
      "OnDate": "2022-07-07",
      "Message": "Hello"
    },
    {
      "Who": "Me",
      "OnDate": "2022-07-07",
      "Message": "Hello"
    },
    {
      "Who": "Me",
      "OnDate": "2022-07-07",
      "Message": "Hello"
    },
    {
      "Who": "Me",
      "OnDate": "2022-07-07",
      "Message": "Hello"
    }

  ]
}