{
  "Name": { "Index": 1 },
  "Password": { "Index": 2 },
  "Age": { "Index": 3 },
  "Photo": { "Index": 4 },
  "Friends": { "Index": 5 },
  "Posts": [
    {
      "UID": { "Index": 6 },
      "Who": { "Index": 7 },
      "OnDate": { "Index": 8 },
      "Message": { "Index": 9 },
      "Photo": { "Index": 10 },
      "Likes": { "Index": 11 },
      "Comments": { "Index": 12 },
      "NewComment": { "Index": 13 }
    }
  ],
  "ViewPosts": [
    {
      "OnDate": {
        "Sort": {
          "Enabled": true,
          "IsAscending": false
        }
      }
    }
  ],
  "RequestFriend": { "Index": 14 }
}