{
  "Name": { "Index": 1 },
  "Password": { "Index": 2 },
  "Age": { "Index": 3 },
  "Gender": {"Index": 4}
  "Photo": { "Index": 5 },
  "Friends": { "Index": 6 },
  "Posts": [
    {
      "UID": { "Index": 7 },
      "Avatar": { "Index": 8 },
      "Who": { "Index": 9 },
      "OnDate": { "Index": 10 },
      "Message": { "Index": 11 },
      "Photo": { "Index": 12 },
      "Likes": { "Index": 13 },
      "Comments": { "Index": 14 },
      "NewComment": { "Index": 15 }
    }
  ],
  "RequestFriend": { "Index": 16 }
}