{
   "1 x 0 =": "",
   "1 x 1 =": "",
   "1 x 2 =": "",
   "1 x 3 =": "",
   "1 x 4 =": "",
   "1 x 5 =": "",
   "1 x 6 =": "",
   "1 x 7 =": "",
   "1 x 8 =": "",
   "1 x 9 =": "",
   "2 x 0 =": "",
   "2 x 1 =": "",
   "2 x 2 =": "",
   "2 x 3 =": "",
   "2 x 4 =": "",
   "2 x 5 =": "10",
   "2 x 6 =": "",
   "2 x 7 =": "",
   "2 x 8 =": "",
   "2 x 9 =": "",
   "3 x 0 =": "",
   "3 x 1 =": "",
   "3 x 2 =": "",
   "3 x 3 =": "",
   "3 x 4 =": "",
   "3 x 5 =": "",
   "3 x 6 =": "",
   "3 x 7 =": "",
   "3 x 8 =": "",
   "3 x 9 =": ""
}