{
  "CollVersion": 2,
  "ViewPosts": {
    "Receive": {
      "Query": "Collection.GetWhere({'Friends':[Any,{'Name':Document.Name,'Approved':true}]}).Select({'Posts':[R,$]},true)",
      "Version": "0",
      "Enabled": true,
      "Connection": {
        "Host": "localhost",
        "Port": "4477",
        "DatabaseName": "SocialNetwork",
        "CollectionName": "Users"
      },
      "Download": {
        "Mode": "ByView",
        "TimeInSec": "0"
      }
    },
    "Send": {
      "ResolveConficts": "Overwrite",
      "Enabled": true,
      "Upload": {
        "Mode": "ByView",
        "TimeInSec": "0"
      }
    }
  }
}