{
  "Style": "Save:false;Cancel:false;Type:Link",
  "Layout": "Dashboard",
  "UserName": {
    "ControlType": "Label",
    "LayoutLocation": "UserName"
  },
  "Logout": {
    "ControlType": "Button",
    "LayoutLocation": "Logout"
  },
  "MyUser": {
    "ControlType": "Button",
    "LayoutLocation": "MyUser"
  },
  "Users": {
    "ControlType": "Button",
    "LayoutLocation": "Users"
  },
  "ViewPosts": {
    "LayoutLocation": "ViewPosts"
  },
  "NewPost": {
    "ControlType": "Button",
    "LayoutLocation": "NewPost"
  }
}