{
  "Password": {
    "Enabled": {
      "Formula": "Document.Name = @UserName"
    }
  },
  "Posts": {
    "Enabled": {
      "Formula": "Document.Name = @UserName"
    }
  },
  "Age": {
    "Enabled": {
      "Formula": "Document.Name = @UserName"
    }
  },
  "Gender": {
    "Enabled": {
      "Formula": "Document.Name = @UserName"
    }
  },
  "Friends": {
    "Enabled": {
      "Formula": "Document.Name = @UserName"
    }
  },
  "RequestFriend": {
    "Visible": {
      "Formula": "Document.Name <> @UserName"
    }
  }
}