{
  "LoginButton": {
    "Allow": {
      "Read": [
        "Guest"
      ]
    }
  },
  "LogoutButton": {
    "Disallow": {
      "Read": [
        "Guest"
      ]
    }
  },
  "Register": {
    "Allow": {
      "Read": [
        "Guest"
      ]
    }
  },
  "MyUser": {
    "Disallow": {
      "Read": [
        "Guest"
      ]
    }
  },
  "Friends": {
    "Disallow": {
      "Read": [
        "Guest"
      ]
    }
  },
  "Users": {
    "Disallow": {
      "Read": [
        "Guest"
      ]
    }
  },
  "ViewPosts": {
    "Disallow": {
      "Read": [
        "Guest"
      ]
    }
  },
  "NewPost": {
    "Disallow": {
      "Read": [
        "Guest"
      ]
    }
  }
}