{
  "Name": "Rebeca",
  "Password": "2FC1C0BEB992CD7096975CFEBF9D5C3B",
  "Age": 21,
  "Gender": "Female",
  "Photo": "rebeca.png",
  "RequestFriend": "Request Friend",
  "Friends": [
    {
      "Name": "Bob",
      "Approved": true
    }
  ],
  "Posts": [
    {
      "UID": "C942FCCB-0584-485E-BE0A-3DE324F8BD76",
      "Avatar": "rebeca.png",
      "Who": "Rebeca",
      "OnDate": "06/21/2022 11:24:12",
      "Message": "Hello from Rebeca !",
      "Photo": "post3.jpg",
      "Likes": [ "Test" ],
      "NewComment": "New Comment"
    }
  ]
}