{
  "Name": "Bob",
  "Password": "2FC1C0BEB992CD7096975CFEBF9D5C3B",
  "Age": 21,
  "Avatar": "",
  "Friends": [
    {
      "Name": "Tim",
      "Approved": false
    }
  ],
  "MyPosts": [
    {
      "Who": "Bob",
      "OnDate": "2022-01-01",
      "Message": "Hello World !",
      "Photo": "",
      "Likes": ["Test"]
    }
  ],
  "Posts": [
    {
      "Who": "Bob",
      "OnDate": "2022-01-01",
      "Message": "Hello World !",
      "Photo": "",
      "Likes": [ "Test" ]
    }
  ],
  "RequestFriend": "Request Friend"
}