{
  "Name": "Bob",
  "Password": "2FC1C0BEB992CD7096975CFEBF9D5C3B",
  "Age": 21,
  "Gender": "Male",
  "Photo": "bob.png",
  "Friends": [
    {
      "Name": "Tim",
      "Approved": false
    },
    {
      "Name": "Rebeca",
      "Approved": true
    }
  ],
  "Posts": [
    {
      "UID": "A942FCCB-0584-485E-BE0A-3DE324F8BD76",
      "Avatar": "bob.png",
      "Who": "Bob",
      "OnDate": "06/23/2022 11:24:12",
      "Message": "Hello from Bob !",
      "Photo": "post1.jpg",
      "Likes": [ "Test" ],
      "NewComment": "New Comment"
    }
  ],
  "RequestFriend": "Request Friend"
}