{
  "UploadNewPhoto": "",
  "Photos": [
    {
      "Photo": "8cccc21d3f5e46dfbd1658f87d14c1f9.png",
      "Title": "Test1"
    },
    {
      "Photo": "8cccc21d3f5e46dfbd1658f87d14c1f9.png",
      "Title": "Test2"
    },
    {
      "Photo": "8cccc21d3f5e46dfbd1658f87d14c1f9.png",
      "Title": "Test3"
    },
    {
      "Photo": "8cccc21d3f5e46dfbd1658f87d14c1f9.png",
      "Title": "Test4"
    },
    {
      "Photo": "8cccc21d3f5e46dfbd1658f87d14c1f9.png",
      "Title": "Test5"
    }
  ]
}