{
  "Enabled": false,
  "ReadOnly": true,
  "Style": "Add:false",
  "Age": {
    "ReadOnly": false
  },
  "Password": {
    "Visible": false
  },
  "Avatar": {
    "ControlType": "Picture"
  },
  "Friends": {
    "Style": "Add:false;Del:false"
  },
  "Posts": [
    {
      "OnDate": {
        "ControlType": "Calendar"
      },
      "Message": {
        "ControlType": "RichTextBox",
        "ReadOnly": false
      },
      "Photo": {
        "ControlType": "Picture"
      },
      "Likes": {
        "ControlType": "Likes",
        "Enabled": true,
        "ReadOnly": false
      },
      "Comments": {
        "ControlType": "Comments"
      },
      "NewComment": {
        "ControlType": "Button",
        "Enabled": true,
        "ReadOnly": false
      }
    }
  ],
  "ViewPosts": [
    {
      "Visible": false,
      "OnDate": {
        "ControlType": "Calendar"
      },
      "Message": {
        "ControlType": "RichTextBox"
      },
      "Photo": {
        "ControlType": "Picture"
      },
      "Likes": {
        "ControlType": "Likes"
      },
      "Comments": {
        "ControlType": "Comments"
      },
      "NewComment": {
        "ControlType": "Button",
        "Enabled": true,
        "ReadOnly": false
      }
    }
  ],
  "RequestFriend": {
    "ControlType": "Button",
    "Enabled": true,
    "ReadOnly": false
  }
}