{
  "Enabled": false,
  "Password": {
    "Visible": false
  },
  "Avatar": {
    "ControlType": "Picture"
  },
  "Friends": {
    "Style": "Add:false",
    "Enabled": true
  },
  "Posts": [
    {
      "OnDate": {
        "ControlType": "Calendar"
      },
      "Message": {
        "ControlType": "RichTextBox"
      },
      "Photo": {
        "ControlType": "Picture"
      },
      "Likes": {
        "ControlType": "Likes"
      }
    }
  ],
  "MyPosts": [
    {
      "OnDate": {
        "ControlType": "Calendar"
      },
      "Message": {
        "ControlType": "RichTextBox",
        "Enabled": true
      },
      "Photo": {
        "ControlType": "Picture"
      },
      "Likes": {
        "ControlType": "Likes"
      }
    }
  ],
  "RequestFriend": {
    "ControlType": "Button",
    "Enabled": true,
    "Visible": true
  }
}